GeneID	ASOseq	ASOeffective	tx_id	tx	uniq_id
MAP3K5	CGCCTCCGTGCTCATCTCTC	0.1	ENST00000359015.5	ENST00000359015	MAP3K5 _ CGCCTCCGTGCTCATCTCTC
SMAD2	TGCTCCTCCAGACCCACC	0.01	ENST00000262160.11	ENST00000262160	SMAD2 _ TGCTCCTCCAGACCCACC
VCAM1	CACGAGGCCACCACTCATCTC	0.05	ENST00000294728.7	ENST00000294728	VCAM1 _ CACGAGGCCACCACTCATCTC
MAP3K5	CCTCCGTGCTCATCTCTCCG	0.09	ENST00000359015.5	ENST00000359015	MAP3K5 _ CCTCCGTGCTCATCTCTCCG
MAP3K1	CCCACTCCCCGCTGCGTCCG	0.06	ENST00000399503.4	ENST00000399503	MAP3K1 _ CCCACTCCCCGCTGCGTCCG
PLA2G4A	CCAAATAAGTCGGGAGCC	0.09	ENST00000367466.4	ENST00000367466	PLA2G4A _ CCAAATAAGTCGGGAGCC
GNA13	ACCCTCATACCTTTGATC	0.09	ENST00000439174.7	ENST00000439174	GNA13 _ ACCCTCATACCTTTGATC
SELE	TGAAGTCAGCCAAGAACAGCT	0.08	ENST00000333360.12	ENST00000333360	SELE _ TGAAGTCAGCCAAGAACAGCT
E2F1	TTTGATCACCATAACCATCT	0.08	ENST00000343380.6	ENST00000343380	E2F1 _ TTTGATCACCATAACCATCT
SMAD2	CTTCCATCCCAGCAGTCT	0.1	ENST00000262160.11	ENST00000262160	SMAD2 _ CTTCCATCCCAGCAGTCT
SMAD2	TCACTGCTTTCTCACACC	0.08	ENST00000262160.11	ENST00000262160	SMAD2 _ TCACTGCTTTCTCACACC
GNA13	CCTTGTTTCCACCATTCC	0.07	ENST00000439174.7	ENST00000439174	GNA13 _ CCTTGTTTCCACCATTCC
VCAM1	TTTGTGTCCCACCTG	0.1	ENST00000294728.7	ENST00000294728	VCAM1 _ TTTGTGTCCCACCTG
AKT2	CCCGCTCCTCTGTGAAGA	0.08	ENST00000392038.7	ENST00000392038	AKT2 _ CCCGCTCCTCTGTGAAGA
VCAM1	CTTTGACTTCTTGCTCACAGC	0.07	ENST00000294728.7	ENST00000294728	VCAM1 _ CTTTGACTTCTTGCTCACAGC
PLA2G4A	GCCCAAAACTCTGTTGAA	0.0	ENST00000367466.4	ENST00000367466	PLA2G4A _ GCCCAAAACTCTGTTGAA
GNA13	CCGCTGTCTGCCCATAAT	0.08	ENST00000439174.7	ENST00000439174	GNA13 _ CCGCTGTCTGCCCATAAT
PLA2G4A	TTTAGCCCACTTTTCTGC	0.07	ENST00000367466.4	ENST00000367466	PLA2G4A _ TTTAGCCCACTTTTCTGC
SMAD1	TCGCCCTGTTTCCACCCA	0.1	ENST00000302085.9	ENST00000302085	SMAD1 _ TCGCCCTGTTTCCACCCA
PLA2G4A	TTGTGAACCAGAAACGCC	0.08	ENST00000367466.4	ENST00000367466	PLA2G4A _ TTGTGAACCAGAAACGCC
VCAM1	AACCCTTATTTGTGTCCCACC	0.09	ENST00000294728.7	ENST00000294728	VCAM1 _ AACCCTTATTTGTGTCCCACC
VCAM1	TTTGTGTCCCACCTG	0.1	ENST00000294728.7	ENST00000294728	VCAM1 _ TTTGTGTCCCACCTG
PLA2G4A	AGCCCACTGTCCACTACA	0.2	ENST00000367466.4	ENST00000367466	PLA2G4A _ AGCCCACTGTCCACTACA
MAP3K5	CGTGCTCATCTCTCCGGGCC	0.12	ENST00000359015.5	ENST00000359015	MAP3K5 _ CGTGCTCATCTCTCCGGGCC
SMAD3	AGACCAAATGCCATCCCA	0.18	ENST00000327367.9	ENST00000327367	SMAD3 _ AGACCAAATGCCATCCCA
SMAD2	CACCCTTTCACAAAACTC	0.15	ENST00000262160.11	ENST00000262160	SMAD2 _ CACCCTTTCACAAAACTC
SMAD2	CTCACACCACTTTTCTTC	0.1	ENST00000262160.11	ENST00000262160	SMAD2 _ CTCACACCACTTTTCTTC
SMAD2	CTTCCATCCCAGCAGTCT	0.1	ENST00000262160.11	ENST00000262160	SMAD2 _ CTTCCATCCCAGCAGTCT
SMAD2	CTGAGCCAGAAGAGCAGC	0.18	ENST00000262160.11	ENST00000262160	SMAD2 _ CTGAGCCAGAAGAGCAGC
E2F1	GGTCCCTCCAAGCCCTGTCA	0.2	ENST00000343380.6	ENST00000343380	E2F1 _ GGTCCCTCCAAGCCCTGTCA
PIK3R1	TTCTGTGTGTCTGTGGCA	0.19	ENST00000521381.6	ENST00000521381	PIK3R1 _ TTCTGTGTGTCTGTGGCA
PIK3R1	TCTCCTCCAGGCACTGGT	0.18	ENST00000521381.6	ENST00000521381	PIK3R1 _ TCTCCTCCAGGCACTGGT
SMAD1	TTCACCAAAGCATCAACA	0.18	ENST00000302085.9	ENST00000302085	SMAD1 _ TTCACCAAAGCATCAACA
AKT3	CAACCCCTAGGCCCCACC	0.16	ENST00000673466.1	ENST00000673466	AKT3 _ CAACCCCTAGGCCCCACC
PYGL	CCACATTGGCCCCATCCATG	0.19	ENST00000216392.8	ENST00000216392	PYGL _ CCACATTGGCCCCATCCATG
PYGL	TCATATTGCCTGTCCCCGAG	0.18	ENST00000216392.8	ENST00000216392	PYGL _ TCATATTGCCTGTCCCCGAG
MAP3K5	TGTCAACCCCTTCATGAAGC	0.19	ENST00000359015.5	ENST00000359015	MAP3K5 _ TGTCAACCCCTTCATGAAGC
NSMAF	GCATGGCTACCTTCTCAT	0.15	ENST00000038176.8	ENST00000038176	NSMAF _ GCATGGCTACCTTCTCAT
AKT2	CCGCATCCACTCCTCCCT	0.12	ENST00000392038.7	ENST00000392038	AKT2 _ CCGCATCCACTCCTCCCT
AKT3	AAAGGTAACCTCCCACAC	0.19	ENST00000673466.1	ENST00000673466	AKT3 _ AAAGGTAACCTCCCACAC
SMAD2	CTCTTCACAACTGGCGGC	0.16	ENST00000262160.11	ENST00000262160	SMAD2 _ CTCTTCACAACTGGCGGC
VCAM1	AACTCCTCCAGTTCTCTCATC	0.12	ENST00000294728.7	ENST00000294728	VCAM1 _ AACTCCTCCAGTTCTCTCATC
BIRC5	ACAGGAAGGCTGGTGGCA	0.3	ENST00000350051.8	ENST00000350051	BIRC5 _ ACAGGAAGGCTGGTGGCA
PIK3CD	TCCTGCGTTGTTACTTCCCA	0.22	ENST00000377346.9	ENST00000377346	PIK3CD _ TCCTGCGTTGTTACTTCCCA
SMAD2	ACAGATTCCACAAGGTGC	0.22	ENST00000262160.11	ENST00000262160	SMAD2 _ ACAGATTCCACAAGGTGC
MAP3K5	TTCTAAAGTCTCTACCAGCT	0.24	ENST00000359015.5	ENST00000359015	MAP3K5 _ TTCTAAAGTCTCTACCAGCT
PIK3R1	AAGGTGCTCTTCCCGCTC	0.29	ENST00000521381.6	ENST00000521381	PIK3R1 _ AAGGTGCTCTTCCCGCTC
SMAD2	GTTTCTCCAACCCTCTGA	0.2	ENST00000262160.11	ENST00000262160	SMAD2 _ GTTTCTCCAACCCTCTGA
IL15	TACATTCACCCAGTTGGC	0.24	ENST00000320650.9	ENST00000320650	IL15 _ TACATTCACCCAGTTGGC
AKT3	CCCACACATCATTTCATA	0.25	ENST00000673466.1	ENST00000673466	AKT3 _ CCCACACATCATTTCATA
E2F1	CTGCAATGCTACGAAGGTCC	0.26	ENST00000343380.6	ENST00000343380	E2F1 _ CTGCAATGCTACGAAGGTCC
PLA2G4A	AGCACTCCTTCAGCCCTT	0.29	ENST00000367466.4	ENST00000367466	PLA2G4A _ AGCACTCCTTCAGCCCTT
BIRC5	CGATGGCACGGCGCACTT	0.28	ENST00000350051.8	ENST00000350051	BIRC5 _ CGATGGCACGGCGCACTT
SMAD2	AGCTGCTTCTCCGCCGCC	0.27	ENST00000262160.11	ENST00000262160	SMAD2 _ AGCTGCTTCTCCGCCGCC
SMAD6	GATCTTGCAGACGGTAGCTG	0.3	ENST00000288840.10	ENST00000288840	SMAD6 _ GATCTTGCAGACGGTAGCTG
RIPK2	TCCCCGTTCATGGTCCCGGG	0.24	ENST00000220751.5	ENST00000220751	RIPK2 _ TCCCCGTTCATGGTCCCGGG
DUSP9	GACCCCATCTCCTCCGGCGG	0.23	ENST00000342782.4	ENST00000342782	DUSP9 _ GACCCCATCTCCTCCGGCGG
MAP3K5	CTCATCTCTCCGGGCCGGGC	0.3	ENST00000359015.5	ENST00000359015	MAP3K5 _ CTCATCTCTCCGGGCCGGGC
PIK3R1	TTGCTCTCGGGCCTGCTG	0.21	ENST00000521381.6	ENST00000521381	PIK3R1 _ TTGCTCTCGGGCCTGCTG
SMAD1	TGAAACCATCCACCAACA	0.3	ENST00000302085.9	ENST00000302085	SMAD1 _ TGAAACCATCCACCAACA
PIK3R1	CCCGCACGTCCTTGAAGA	0.27	ENST00000521381.6	ENST00000521381	PIK3R1 _ CCCGCACGTCCTTGAAGA
E2F1	GAGTCGGCCGCCACCAGCGG	0.27	ENST00000343380.6	ENST00000343380	E2F1 _ GAGTCGGCCGCCACCAGCGG
GNA13	GCCCGGGTATCAAACGAC	0.26	ENST00000439174.7	ENST00000439174	GNA13 _ GCCCGGGTATCAAACGAC
GNAI2	GCGCTTATTCAGGTCCTC	0.33	ENST00000313601.11	ENST00000313601	GNAI2 _ GCGCTTATTCAGGTCCTC
GNA11	CTCCACGTCCACCTCCCG	0.31	ENST00000078429.9	ENST00000078429	GNA11 _ CTCCACGTCCACCTCCCG
PTEN	CGGGCGCCTCGGAAGACC	0.38	ENST00000371953.8	ENST00000371953	PTEN _ CGGGCGCCTCGGAAGACC
E2F1	GGGCCGGTGGGAGCCGGCGG	0.37	ENST00000343380.6	ENST00000343380	E2F1 _ GGGCCGGTGGGAGCCGGCGG
E2F1	GCAGGCGCTTCAGACACTGC	0.3	ENST00000343380.6	ENST00000343380	E2F1 _ GCAGGCGCTTCAGACACTGC
E2F1	TTGCTGATTCCCCAGGCTCA	0.36	ENST00000343380.6	ENST00000343380	E2F1 _ TTGCTGATTCCCCAGGCTCA
RELA	TTCTGCACCTTGTCACAC	0.37	ENST00000406246.8	ENST00000406246	RELA _ TTCTGCACCTTGTCACAC
GNA13	ACGACATCATCTTATCTC	0.39	ENST00000439174.7	ENST00000439174	GNA13 _ ACGACATCATCTTATCTC
PRKACA	GCGGCGGCGTTGCCCATCGC	0.33	ENST00000308677.9	ENST00000308677	PRKACA _ GCGGCGGCGTTGCCCATCGC
GNA12	GTCGTACTCGCTGGAGGA	0.39	ENST00000275364.8	ENST00000275364	GNA12 _ GTCGTACTCGCTGGAGGA
PIK3CD	GTCGGTTCTTTCCCGTTAGG	0.35	ENST00000377346.9	ENST00000377346	PIK3CD _ GTCGGTTCTTTCCCGTTAGG
GNA12	CCTGTCGAAGCACTGGAC	0.34	ENST00000275364.8	ENST00000275364	GNA12 _ CCTGTCGAAGCACTGGAC
MAP3K1	CTGTAGTAACCATTCTTGCA	0.4	ENST00000399503.4	ENST00000399503	MAP3K1 _ CTGTAGTAACCATTCTTGCA
GNA13	CACTTGAGGAAACAAGGA	0.38	ENST00000439174.7	ENST00000439174	GNA13 _ CACTTGAGGAAACAAGGA
GNA12	AAGATGTTCATGGACTCC	0.33	ENST00000275364.8	ENST00000275364	GNA12 _ AAGATGTTCATGGACTCC
PRKACA	GCTTGCAGGATGCGCTTTTC	0.34	ENST00000308677.9	ENST00000308677	PRKACA _ GCTTGCAGGATGCGCTTTTC
SMAD6	CGCACAGCCCTTCACGGCAA	0.32	ENST00000288840.10	ENST00000288840	SMAD6 _ CGCACAGCCCTTCACGGCAA
GNA12	GTTGAAGAAGAGCTTGTT	0.33	ENST00000275364.8	ENST00000275364	GNA12 _ GTTGAAGAAGAGCTTGTT
CHEK2	TTTATTCCCCACCACTTTGT	0.38	ENST00000404276.6	ENST00000404276	CHEK2 _ TTTATTCCCCACCACTTTGT
DUSP8	TCACCTTGCCCTGCTGCAGC	0.33	ENST00000397374.8	ENST00000397374	DUSP8 _ TCACCTTGCCCTGCTGCAGC
PLA2G4A	CCCCTTTGTCACTTTGGT	0.33	ENST00000367466.4	ENST00000367466	PLA2G4A _ CCCCTTTGTCACTTTGGT
FGR	AACCACCAAACCTGCCCA	0.42	ENST00000374005.8	ENST00000374005	FGR _ AACCACCAAACCTGCCCA
SMAD2	ACTGTAGAGGTCCATTCA	0.42	ENST00000262160.11	ENST00000262160	SMAD2 _ ACTGTAGAGGTCCATTCA
PRKCA	GTCAGCCATGGTCCCCCCCC	0.46	ENST00000413366.8	ENST00000413366	PRKCA _ GTCAGCCATGGTCCCCCCCC
SMAD1	CCTCAGCTGCCAATACCC	0.47	ENST00000302085.9	ENST00000302085	SMAD1 _ CCTCAGCTGCCAATACCC
FGR	TGCTGTGGGAAAACGGGC	0.43	ENST00000374005.8	ENST00000374005	FGR _ TGCTGTGGGAAAACGGGC
PTEN	CCTCCGAACGGCTGCCTC	0.4	ENST00000371953.8	ENST00000371953	PTEN _ CCTCCGAACGGCTGCCTC
PIK3R1	ATTTCCTGGGATGTGCGG	0.48	ENST00000521381.6	ENST00000521381	PIK3R1 _ ATTTCCTGGGATGTGCGG
GNA13	GCAAGCAGAATATCTTGT	0.5	ENST00000439174.7	ENST00000439174	GNA13 _ GCAAGCAGAATATCTTGT
CTNNB1	CTGGTCAGCTCAACTGAAAG	0.41	ENST00000349496.11	ENST00000349496	CTNNB1 _ CTGGTCAGCTCAACTGAAAG
DUSP9	AGACCCTCCATGGGCGATCG	0.45	ENST00000342782.4	ENST00000342782	DUSP9 _ AGACCCTCCATGGGCGATCG
NSMAF	ATCTGTCCTCCTTGTCTC	0.47	ENST00000038176.8	ENST00000038176	NSMAF _ ATCTGTCCTCCTTGTCTC
FGR	GGCCCCAGCGCATCCTTG	0.45	ENST00000374005.8	ENST00000374005	FGR _ GGCCCCAGCGCATCCTTG
AKT2	CAGTCGTGGAGGAGTCAC	0.42	ENST00000392038.7	ENST00000392038	AKT2 _ CAGTCGTGGAGGAGTCAC
PTEN	TGTTCCTATAACTGGTAA	0.42	ENST00000371953.8	ENST00000371953	PTEN _ TGTTCCTATAACTGGTAA
IKBKB	CTCAGCTGGAAGAAGGCG	0.4	ENST00000520810.6	ENST00000520810	IKBKB _ CTCAGCTGGAAGAAGGCG
VCAM1	CCTGAAGCCAGTGAGGCCCG	0.42	ENST00000294728.7	ENST00000294728	VCAM1 _ CCTGAAGCCAGTGAGGCCCG
IKBKB	CGTGAAACTCTGGTCTTG	0.48	ENST00000520810.6	ENST00000520810	IKBKB _ CGTGAAACTCTGGTCTTG
CHEK2	CAGTAGTTGTCATTCACACA	0.49	ENST00000404276.6	ENST00000404276	CHEK2 _ CAGTAGTTGTCATTCACACA
SMAD2	AAGTGCTTGGTATGGTAA	0.43	ENST00000262160.11	ENST00000262160	SMAD2 _ AAGTGCTTGGTATGGTAA
MAP3K1	CTGTAGTAACCATTCTTGCA	0.4	ENST00000399503.4	ENST00000399503	MAP3K1 _ CTGTAGTAACCATTCTTGCA
DUSP9	CCCATGAAGTTGAAGTTGGG	0.44	ENST00000342782.4	ENST00000342782	DUSP9 _ CCCATGAAGTTGAAGTTGGG
GNAI2	CGGACAGGTCATCAGGGA	0.59	ENST00000313601.11	ENST00000313601	GNAI2 _ CGGACAGGTCATCAGGGA
PRKACA	GTTGCCCATCGCGGCGGCGG	0.53	ENST00000308677.9	ENST00000308677	PRKACA _ GTTGCCCATCGCGGCGGCGG
SMAD2	CCTTCTTGTCATTTCTAC	0.57	ENST00000262160.11	ENST00000262160	SMAD2 _ CCTTCTTGTCATTTCTAC
MAP3K1	CATTCTTGCAGAACTCAAGT	0.54	ENST00000399503.4	ENST00000399503	MAP3K1 _ CATTCTTGCAGAACTCAAGT
PIK3CD	GTCGGTTCTTTCCCGTTAGG	0.52	ENST00000377346.9	ENST00000377346	PIK3CD _ GTCGGTTCTTTCCCGTTAGG
PIK3CD	GCCACTACTGCCTGTTGTCT	0.59	ENST00000377346.9	ENST00000377346	PIK3CD _ GCCACTACTGCCTGTTGTCT
SELE	CGTTCTGCACTTACCGTTTTG	0.52	ENST00000333360.12	ENST00000333360	SELE _ CGTTCTGCACTTACCGTTTTG
GNAI2	GGCAGGCTTCAAACAGGG	0.52	ENST00000313601.11	ENST00000313601	GNAI2 _ GGCAGGCTTCAAACAGGG
E2F1	GAACTCCTCAGGGAGGAGGC	0.59	ENST00000343380.6	ENST00000343380	E2F1 _ GAACTCCTCAGGGAGGAGGC
SELE	CAGCCAAGAACAGCT	0.5	ENST00000333360.12	ENST00000333360	SELE _ CAGCCAAGAACAGCT
SENP1	ATGATTCTTTGAGTTTCT	0.59	ENST00000549518.6	ENST00000549518	SENP1 _ ATGATTCTTTGAGTTTCT
VCAM1	GCCTGGGAGGGTATTCAGCT	0.58	ENST00000294728.7	ENST00000294728	VCAM1 _ GCCTGGGAGGGTATTCAGCT
SMAD2	AGATTACAGCCTGGTGGA	0.57	ENST00000262160.11	ENST00000262160	SMAD2 _ AGATTACAGCCTGGTGGA
TRADD	AAAGTCTGGGCAGGTGGC	0.56	ENST00000345057.9	ENST00000345057	TRADD _ AAAGTCTGGGCAGGTGGC
TFRC	AGACCAGCCCTTAGGATT	0.56	ENST00000360110.9	ENST00000360110	TFRC _ AGACCAGCCCTTAGGATT
TERF1	ACAATCAGTCTTCGCTGTCT	0.57	ENST00000276603.10	ENST00000276603	TERF1 _ ACAATCAGTCTTCGCTGTCT
AKT3	TCTCATGGTCCTGGTTGT	0.57	ENST00000673466.1	ENST00000673466	AKT3 _ TCTCATGGTCCTGGTTGT
GNA13	TAAGGGCTTCTGTTGCTG	0.55	ENST00000439174.7	ENST00000439174	GNA13 _ TAAGGGCTTCTGTTGCTG
E2F1	AAGCCCTGTCAGAAATCCAG	0.58	ENST00000343380.6	ENST00000343380	E2F1 _ AAGCCCTGTCAGAAATCCAG
AKT2	GTCTTGATGTATTCACCA	0.52	ENST00000392038.7	ENST00000392038	AKT2 _ GTCTTGATGTATTCACCA
PIK3R1	ATCCCCTGATTTCTTCAC	0.53	ENST00000521381.6	ENST00000521381	PIK3R1 _ ATCCCCTGATTTCTTCAC
NSMAF	TATGACAGTGGCATCTCC	0.65	ENST00000038176.8	ENST00000038176	NSMAF _ TATGACAGTGGCATCTCC
SMAD3	TGCCCGTTCTGCTCGCCC	0.63	ENST00000327367.9	ENST00000327367	SMAD3 _ TGCCCGTTCTGCTCGCCC
RHOG	TCTTCTGGACCCCTCTGG	0.64	ENST00000351018.5	ENST00000351018	RHOG _ TCTTCTGGACCCCTCTGG
GNA11	TTCTGTCCAAGTCATTCA	0.64	ENST00000078429.9	ENST00000078429	GNA11 _ TTCTGTCCAAGTCATTCA
GNAI2	CGCAGAAGATGATGGCTG	0.67	ENST00000313601.11	ENST00000313601	GNAI2 _ CGCAGAAGATGATGGCTG
MAP3K1	GTCTGCCTTTTGTTTGAACC	0.67	ENST00000399503.4	ENST00000399503	MAP3K1 _ GTCTGCCTTTTGTTTGAACC
E2F1	GGTCCTGGGTCAACCCCTCA	0.62	ENST00000343380.6	ENST00000343380	E2F1 _ GGTCCTGGGTCAACCCCTCA
PIK3R1	AGGGAGGCTGCCTTTTCC	0.63	ENST00000521381.6	ENST00000521381	PIK3R1 _ AGGGAGGCTGCCTTTTCC
DUSP9	AGGAGCAGGAGCCGCGGCCG	0.7	ENST00000342782.4	ENST00000342782	DUSP9 _ AGGAGCAGGAGCCGCGGCCG
GNAI2	GCCCCGCTGCCCCTCAGA	0.65	ENST00000313601.11	ENST00000313601	GNAI2 _ GCCCCGCTGCCCCTCAGA
PTPN6	ACGGGACAGCATCTCTCTGT	0.65	ENST00000318974.14	ENST00000318974	PTPN6 _ ACGGGACAGCATCTCTCTGT
PIK3R1	TCTCCTTCATGCGGTTCT	0.61	ENST00000521381.6	ENST00000521381	PIK3R1 _ TCTCCTTCATGCGGTTCT
KRR1	ATTCGCTTCCCAGCAGAG	0.7	ENST00000229214.9	ENST00000229214	KRR1 _ ATTCGCTTCCCAGCAGAG
VCAM1	CAGCCTGCCTTACTGTGGGC	0.67	ENST00000294728.7	ENST00000294728	VCAM1 _ CAGCCTGCCTTACTGTGGGC
WLS	CCGGTGGCGCGGGCGGCGGC	0.69	ENST00000262348.9	ENST00000262348	WLS _ CCGGTGGCGCGGGCGGCGGC
MAP3K5	CAGTAACATCTGTCTTTGTG	0.62	ENST00000359015.5	ENST00000359015	MAP3K5 _ CAGTAACATCTGTCTTTGTG
RHOG	GGCAGTGCCTCCTCTCTC	0.65	ENST00000351018.5	ENST00000351018	RHOG _ GGCAGTGCCTCCTCTCTC
TFRC	TCAACCTGGTATCTCCTA	0.65	ENST00000360110.9	ENST00000360110	TFRC _ TCAACCTGGTATCTCCTA
TRADD	GGGCAGGTGGCGGCGGCG	0.7	ENST00000345057.9	ENST00000345057	TRADD _ GGGCAGGTGGCGGCGGCG
PYGL	TCTGTCAGCGGTTCGCCCAT	0.69	ENST00000216392.8	ENST00000216392	PYGL _ TCTGTCAGCGGTTCGCCCAT
NSMAF	AATCTCTCCTTGGAGTAG	0.61	ENST00000038176.8	ENST00000038176	NSMAF _ AATCTCTCCTTGGAGTAG
IKBKB	AGTTTATCTGATGTGATC	0.8	ENST00000520810.6	ENST00000520810	IKBKB _ AGTTTATCTGATGTGATC
E2F1	TGTTAGGAAGCAAATCAAAG	0.74	ENST00000343380.6	ENST00000343380	E2F1 _ TGTTAGGAAGCAAATCAAAG
GNAI2	AACATTTGGACTTGGCTG	0.76	ENST00000313601.11	ENST00000313601	GNAI2 _ AACATTTGGACTTGGCTG
RHOG	GAGGGCAGAGGTTAGAGA	0.79	ENST00000351018.5	ENST00000351018	RHOG _ GAGGGCAGAGGTTAGAGA
GNA12	GTGCGCTCAGGGCCGGGA	0.72	ENST00000275364.8	ENST00000275364	GNA12 _ GTGCGCTCAGGGCCGGGA
PIK3CD	GGCAGTCCACCCCAGGGGGC	0.76	ENST00000377346.9	ENST00000377346	PIK3CD _ GGCAGTCCACCCCAGGGGGC
PYGL	GCGCGAAGTAGTAGTCGCGG	0.8	ENST00000216392.8	ENST00000216392	PYGL _ GCGCGAAGTAGTAGTCGCGG
E2F1	TACTCTGGAAACCCTGGTCC	0.75	ENST00000343380.6	ENST00000343380	E2F1 _ TACTCTGGAAACCCTGGTCC
GNA13	TTGAGGTTGTCATGCAGA	0.73	ENST00000439174.7	ENST00000439174	GNA13 _ TTGAGGTTGTCATGCAGA
RIPK2	ATGTAACTAAATCTAGCTTT	0.72	ENST00000220751.5	ENST00000220751	RIPK2 _ ATGTAACTAAATCTAGCTTT
PIK3R1	CTCCAGGATGTCGGTTTT	0.77	ENST00000521381.6	ENST00000521381	PIK3R1 _ CTCCAGGATGTCGGTTTT
KRR1	GCCACATTCTGTCTGGGC	0.72	ENST00000229214.9	ENST00000229214	KRR1 _ GCCACATTCTGTCTGGGC
TRADD	CTCACCTCCTGGCCGCCT	0.76	ENST00000345057.9	ENST00000345057	TRADD _ CTCACCTCCTGGCCGCCT
E2F1	ATGTCATAGATGCGCCGCTT	0.77	ENST00000343380.6	ENST00000343380	E2F1 _ ATGTCATAGATGCGCCGCTT
PCK2	TGATCTCCCGCTGGTCGGGC	0.73	ENST00000216780.9	ENST00000216780	PCK2 _ TGATCTCCCGCTGGTCGGGC
RIPK2	TGCATAGCTATATATATCGT	0.77	ENST00000220751.5	ENST00000220751	RIPK2 _ TGCATAGCTATATATATCGT
RHOB	CCAGCTCTGTGCGGACAT	0.79	ENST00000272233.6	ENST00000272233	RHOB _ CCAGCTCTGTGCGGACAT
RHOG	GTCAGCAAATGCGTAAGG	0.76	ENST00000351018.5	ENST00000351018	RHOG _ GTCAGCAAATGCGTAAGG
IL15	ATTTAGGTAAGCTACTCT	0.75	ENST00000320650.9	ENST00000320650	IL15 _ ATTTAGGTAAGCTACTCT
PCK2	GTAGTGCCCGAAGTTGTAGC	0.77	ENST00000216780.9	ENST00000216780	PCK2 _ GTAGTGCCCGAAGTTGTAGC
SELE	GGGGAGATAAAACACAAAATG	0.79	ENST00000333360.12	ENST00000333360	SELE _ GGGGAGATAAAACACAAAATG
PIK3CD	GCATCCTGCGTTGTTACTTC	0.89	ENST00000377346.9	ENST00000377346	PIK3CD _ GCATCCTGCGTTGTTACTTC
DUSP8	GAGCTCGAGGACCACCCGCA	0.89	ENST00000397374.8	ENST00000397374	DUSP8 _ GAGCTCGAGGACCACCCGCA
RHOG	GTGCAGTTGCTGTAGTGA	0.9	ENST00000351018.5	ENST00000351018	RHOG _ GTGCAGTTGCTGTAGTGA
MAP3K5	CTCCCAGTTCATAAAATGGG	0.85	ENST00000359015.5	ENST00000359015	MAP3K5 _ CTCCCAGTTCATAAAATGGG
MAP2K6	AGAAGAAAACAAACAAACAA	0.82	ENST00000590474.7	ENST00000590474	MAP2K6 _ AGAAGAAAACAAACAAACAA
BIRC5	CCTGGAAGTGGTGCAGCC	0.84	ENST00000350051.8	ENST00000350051	BIRC5 _ CCTGGAAGTGGTGCAGCC
PLA2G4A	TGCCCCAGACACCCATTA	0.88	ENST00000367466.4	ENST00000367466	PLA2G4A _ TGCCCCAGACACCCATTA
SELE	GGCTTGAAATACTTTCCT	0.84	ENST00000333360.12	ENST00000333360	SELE _ GGCTTGAAATACTTTCCT
PRKAR2A	ATCTGGATGTGGCTCATGCC	0.82	ENST00000265563.13	ENST00000265563	PRKAR2A _ ATCTGGATGTGGCTCATGCC
ETS2	ATCCGTCTCCAGTCCAGC	0.8	ENST00000360938.8	ENST00000360938	ETS2 _ ATCCGTCTCCAGTCCAGC
PIK3CD	CCCCAGGGGGCATCCTGCGT	0.81	ENST00000377346.9	ENST00000377346	PIK3CD _ CCCCAGGGGGCATCCTGCGT
TERF1	CTCGGAGCGGCCGTCGCGGA	0.9	ENST00000276603.10	ENST00000276603	TERF1 _ CTCGGAGCGGCCGTCGCGGA
PCK2	GGCGGTACAATGCGGCCATG	0.81	ENST00000216780.9	ENST00000216780	PCK2 _ GGCGGTACAATGCGGCCATG
ETS2	GCGTGCAGTTCCTCGGGC	0.81	ENST00000360938.8	ENST00000360938	ETS2 _ GCGTGCAGTTCCTCGGGC
SMAD6	GTGGAGTGCATAAGAGGCCA	0.84	ENST00000288840.10	ENST00000288840	SMAD6 _ GTGGAGTGCATAAGAGGCCA
TRADD	GACCCTGGAACAGAAAAG	0.9	ENST00000345057.9	ENST00000345057	TRADD _ GACCCTGGAACAGAAAAG
WWP1	AAATAACGGAAGTGAGCAAG	0.88	ENST00000517970.6	ENST00000517970	WWP1 _ AAATAACGGAAGTGAGCAAG
MAP2K6	TCGACTGAGACATTTTCCCC	0.8	ENST00000590474.7	ENST00000590474	MAP2K6 _ TCGACTGAGACATTTTCCCC
KRR1	TGAGGTTGGCTGGTGAGC	0.83	ENST00000229214.9	ENST00000229214	KRR1 _ TGAGGTTGGCTGGTGAGC
GNA12	TCCGGTCCAAGTTGTCCA	0.88	ENST00000275364.8	ENST00000275364	GNA12 _ TCCGGTCCAAGTTGTCCA
DUSP9	CTCATGGAGTCGCGGTCAGC	0.86	ENST00000342782.4	ENST00000342782	DUSP9 _ CTCATGGAGTCGCGGTCAGC
RHOB	CCTTACTGAACACGATCA	1.0	ENST00000272233.6	ENST00000272233	RHOB _ CCTTACTGAACACGATCA
WWP1	TCCCATTGCGAGGATCTTTG	1.0	ENST00000517970.6	ENST00000517970	WWP1 _ TCCCATTGCGAGGATCTTTG
AKT3	TAATTTCTTTTGCGTCAT	1.0	ENST00000673466.1	ENST00000673466	AKT3 _ TAATTTCTTTTGCGTCAT
EGR1	GGAATTGGCTCTGAGAAC	1.0	ENST00000239938.5	ENST00000239938	EGR1 _ GGAATTGGCTCTGAGAAC
TRADD	GCGTAGGCATCCGACAGG	0.97	ENST00000345057.9	ENST00000345057	TRADD _ GCGTAGGCATCCGACAGG
GNA11	TAGAGGATCTTGAGCGTC	1.0	ENST00000078429.9	ENST00000078429	GNA11 _ TAGAGGATCTTGAGCGTC
TERF1	CTCGGAGCGGCCGTCGCGGA	0.9	ENST00000276603.10	ENST00000276603	TERF1 _ CTCGGAGCGGCCGTCGCGGA
PLA2G4A	AGAGGTAAAGGGCATTGT	1.0	ENST00000367466.4	ENST00000367466	PLA2G4A _ AGAGGTAAAGGGCATTGT
TFRC	CGGATGCTTCACATTTTG	1.0	ENST00000360110.9	ENST00000360110	TFRC _ CGGATGCTTCACATTTTG
PIK3R1	GTGTAGTGGCTGAAAAGG	1.0	ENST00000521381.6	ENST00000521381	PIK3R1 _ GTGTAGTGGCTGAAAAGG
PIK3R1	ATCGTGCGCCCTTCTTGC	1.0	ENST00000521381.6	ENST00000521381	PIK3R1 _ ATCGTGCGCCCTTCTTGC
GNA13	ACTCGTCAGCAGGCAGCC	1.0	ENST00000439174.7	ENST00000439174	GNA13 _ ACTCGTCAGCAGGCAGCC
FGR	GAAGCATATGTAAAGATA	1.0	ENST00000374005.8	ENST00000374005	FGR _ GAAGCATATGTAAAGATA
MAP2K6	TTAGTCTCCAAGAATCAGTT	0.96	ENST00000590474.7	ENST00000590474	MAP2K6 _ TTAGTCTCCAAGAATCAGTT
TFRC	TACCCAAATAAGGATAAT	1.0	ENST00000360110.9	ENST00000360110	TFRC _ TACCCAAATAAGGATAAT
PTPN6	CCCTGACGGAGAGCGAGAAG	1.0	ENST00000318974.14	ENST00000318974	PTPN6 _ CCCTGACGGAGAGCGAGAAG
RHOB	ATGTTCTCCAGCGAGTCC	1.0	ENST00000272233.6	ENST00000272233	RHOB _ ATGTTCTCCAGCGAGTCC
PIK3R1	ACATTGAGGGAGTCGTTG	1.0	ENST00000521381.6	ENST00000521381	PIK3R1 _ ACATTGAGGGAGTCGTTG
PIK3R1	TGCGCTCCTCCTCCGAGT	1.0	ENST00000521381.6	ENST00000521381	PIK3R1 _ TGCGCTCCTCCTCCGAGT
TFRC	TCAAGTTCTCCAGTAAAG	1.0	ENST00000360110.9	ENST00000360110	TFRC _ TCAAGTTCTCCAGTAAAG
AKT3	TGTTCGAGGAAATTTAAT	1.0	ENST00000673466.1	ENST00000673466	AKT3 _ TGTTCGAGGAAATTTAAT
